loss,grad_norm,learning_rate,epoch,eval_loss,eval_accuracy,eval_runtime,eval_samples_per_second,eval_steps_per_second,train_runtime,train_samples_per_second,train_steps_per_second,train_loss
0.0,0.0007017616298981011,3.65e-05,27.0,,,,,,,,,
,,,27.0,1.609287142753601,0.765,5.4455,36.728,1.285,,,,
0.0,0.0007558969082310796,3.6e-05,28.0,,,,,,,,,
,,,28.0,1.6359665393829346,0.765,4.4393,45.052,1.577,,,,
0.0,0.0007824792992323637,3.55e-05,29.0,,,,,,,,,
,,,29.0,1.5404132604599,0.815,4.4412,45.033,1.576,,,,
0.0,0.0004937468911521137,3.5e-05,30.0,,,,,,,,,
,,,30.0,1.5358859300613403,0.82,3.5012,57.123,1.999,,,,
,,,31.0,1.5569119453430176,0.82,4.3336,46.151,1.615,,,,
0.0,0.000539775297511369,3.45e-05,31.0,,,,,,,,,
,,,32.0,1.5775760412216187,0.82,4.4847,44.596,1.561,,,,
0.0,0.004732314497232437,3.35e-05,33.0,,,,,,,,,
,,,33.0,1.600258231163025,0.82,4.7437,42.161,1.476,,,,
0.0,0.0003441260487306863,3.3e-05,34.0,,,,,,,,,
,,,34.0,1.655224323272705,0.805,4.2232,47.358,1.658,,,,
0.0,0.00030447711469605565,3.2500000000000004e-05,35.0,,,,,,,,,
,,,35.0,1.669407606124878,0.805,5.4272,36.851,1.29,,,,
,,,36.0,1.6819660663604736,0.805,3.5922,55.676,1.949,,,,
0.0,0.0002900142571888864,3.2000000000000005e-05,36.0,,,,,,,,,
0.0067,0.00036581204039976,3.15e-05,37.0,,,,,,,,,
,,,37.0,1.5043575763702393,0.82,4.1971,47.652,1.668,,,,
0.0,0.0002076855453196913,3.1e-05,38.0,,,,,,,,,
,,,38.0,1.3057957887649536,0.83,3.4819,57.44,2.01,,,,
0.0,0.0003433316305745393,3.05e-05,39.0,,,,,,,,,
,,,39.0,1.3232464790344238,0.845,3.9399,50.763,1.777,,,,
0.0,0.00029852287843823433,3e-05,40.0,,,,,,,,,
,,,40.0,1.3425887823104858,0.84,4.7168,42.401,1.484,,,,
0.0,0.00035629660123959184,2.95e-05,41.0,,,,,,,,,
,,,41.0,1.3575122356414795,0.835,4.8834,40.955,1.433,,,,
0.0,0.00040019379230216146,2.9e-05,42.0,,,,,,,,,
,,,42.0,1.3704965114593506,0.835,3.3914,58.972,2.064,,,,
0.0,0.000382822472602129,2.8499999999999998e-05,43.0,,,,,,,,,
,,,43.0,1.384804368019104,0.835,3.3291,60.077,2.103,,,,
0.0,0.0002252151316497475,2.8000000000000003e-05,44.0,,,,,,,,,
,,,44.0,1.398786187171936,0.83,3.5275,56.698,1.984,,,,
,,,45.0,1.6053497791290283,0.825,4.9441,40.452,1.416,,,,
0.0,0.0010042948415502906,2.7500000000000004e-05,45.0,,,,,,,,,
0.0,0.00021107378415763378,2.7000000000000002e-05,46.0,,,,,,,,,
,,,46.0,1.699273943901062,0.82,4.0569,49.299,1.725,,,,
0.0006,0.00017364820814691484,2.6500000000000004e-05,47.0,,,,,,,,,
,,,47.0,1.6773643493652344,0.81,4.1141,48.614,1.701,,,,
0.0,0.0001276844268431887,2.6000000000000002e-05,48.0,,,,,,,,,
,,,48.0,1.6386843919754028,0.83,3.3634,59.464,2.081,,,,
,,,49.0,1.5969934463500977,0.83,3.3291,60.076,2.103,,,,
0.0,0.0002246913209091872,2.5500000000000003e-05,49.0,,,,,,,,,
0.0001,0.00024467907496728003,2.5e-05,50.0,,,,,,,,,
,,,50.0,2.758366346359253,0.75,3.7083,53.933,1.888,,,,
0.045,0.0003717934887390584,2.45e-05,51.0,,,,,,,,,
,,,51.0,1.8678524494171143,0.78,3.3455,59.782,2.092,,,,
0.0089,0.0077158017084002495,2.4e-05,52.0,,,,,,,,,
,,,52.0,1.8459701538085938,0.795,4.0605,49.255,1.724,,,,
,,,53.0,1.6783032417297363,0.805,4.0457,49.435,1.73,,,,
0.0121,0.0005366315599530935,2.35e-05,53.0,,,,,,,,,
,,,54.0,1.8893417119979858,0.785,3.3903,58.991,2.065,,,,
0.0055,0.0005351099534891546,2.3000000000000003e-05,54.0,,,,,,,,,
0.0147,0.0006001401343382895,2.25e-05,55.0,,,,,,,,,
,,,55.0,1.5220513343811035,0.815,4.2289,47.294,1.655,,,,
0.0165,0.0009549283422529697,2.2000000000000003e-05,56.0,,,,,,,,,
,,,56.0,1.3373571634292603,0.805,3.3791,59.188,2.072,,,,
0.0054,0.00039617702714167535,2.15e-05,57.0,,,,,,,,,
,,,57.0,1.4479984045028687,0.815,3.6402,54.942,1.923,,,,
0.0,0.0003815899835899472,2.1e-05,58.0,,,,,,,,,
,,,58.0,1.528618335723877,0.805,4.6621,42.899,1.501,,,,
0.0,0.0003776422527153045,2.05e-05,59.0,,,,,,,,,
,,,59.0,1.584425926208496,0.8,3.4184,58.508,2.048,,,,
0.0052,0.0005426660645753145,2e-05,60.0,,,,,,,,,
,,,60.0,1.6316946744918823,0.795,3.432,58.276,2.04,,,,
0.0,0.00035719803418032825,1.9500000000000003e-05,61.0,,,,,,,,,
,,,61.0,1.539850115776062,0.82,3.4548,57.89,2.026,,,,
0.0,0.00034694504574872553,1.9e-05,62.0,,,,,,,,,
,,,62.0,1.5642805099487305,0.82,3.3814,59.148,2.07,,,,
,,,63.0,1.5982574224472046,0.815,3.4069,58.704,2.055,,,,
0.0,0.0001676396932452917,1.85e-05,63.0,,,,,,,,,
,,,64.0,1.620643973350525,0.81,3.4504,57.965,2.029,,,,
0.0,0.0001571198954479769,1.8e-05,64.0,,,,,,,,,
0.0,0.0003286997671239078,1.75e-05,65.0,,,,,,,,,
,,,65.0,1.6340785026550293,0.81,3.3226,60.193,2.107,,,,
0.0,0.0003170434501953423,1.7000000000000003e-05,66.0,,,,,,,,,
,,,66.0,1.6527072191238403,0.81,3.3709,59.331,2.077,,,,
0.0,0.00019096875621471554,1.65e-05,67.0,,,,,,,,,
,,,67.0,1.6818844079971313,0.81,3.3568,59.581,2.085,,,,
0.0,0.00038798764580860734,1.6000000000000003e-05,68.0,,,,,,,,,
,,,68.0,2.0638222694396973,0.775,3.3451,59.789,2.093,,,,
,,,69.0,1.9097473621368408,0.8,3.6693,54.506,1.908,,,,
0.0,0.00022265789448283613,1.55e-05,69.0,,,,,,,,,
0.0,0.00014152753283269703,1.5e-05,70.0,,,,,,,,,
,,,70.0,1.734494924545288,0.81,3.3334,59.999,2.1,,,,
0.0,8.926734153646976e-05,1.45e-05,71.0,,,,,,,,,
,,,71.0,1.745690107345581,0.81,3.3846,59.091,2.068,,,,
0.0,0.00012162273924332112,1.4000000000000001e-05,72.0,,,,,,,,,
,,,72.0,1.756067156791687,0.81,3.3241,60.167,2.106,,,,
,,,73.0,1.7643016576766968,0.81,4.5829,43.641,1.527,,,,
0.0,0.00010262174328090623,1.3500000000000001e-05,73.0,,,,,,,,,
,,,74.0,1.7721978425979614,0.81,3.7996,52.638,1.842,,,,
0.0,0.00011967111640842631,1.3000000000000001e-05,74.0,,,,,,,,,
0.0,9.119581955019385e-05,1.25e-05,75.0,,,,,,,,,
,,,75.0,1.7796472311019897,0.81,3.5831,55.817,1.954,,,,
0.0,9.729374869493768e-05,1.2e-05,76.0,,,,,,,,,
,,,76.0,1.7894552946090698,0.81,3.5266,56.712,1.985,,,,
0.0,0.0001008407271001488,1.1500000000000002e-05,77.0,,,,,,,,,
,,,77.0,1.8018232583999634,0.81,3.6408,54.933,1.923,,,,
0.0,0.00010044519149232656,1.1000000000000001e-05,78.0,,,,,,,,,
,,,78.0,1.8079211711883545,0.81,3.9196,51.025,1.786,,,,
,,,79.0,1.8131500482559204,0.81,3.4877,57.345,2.007,,,,
0.0,0.00010578442015685141,1.05e-05,79.0,,,,,,,,,
0.0,8.529965271009132e-05,1e-05,80.0,,,,,,,,,
,,,80.0,1.833911418914795,0.81,3.3627,59.475,2.082,,,,
0.0,0.0002451756736263633,9.5e-06,81.0,,,,,,,,,
,,,81.0,1.8523688316345215,0.81,3.3549,59.615,2.087,,,,
0.0003,7.725742761977017e-05,9e-06,82.0,,,,,,,,,
,,,82.0,1.9567763805389404,0.8,3.3951,58.909,2.062,,,,
,,,83.0,1.9217402935028076,0.805,3.3368,59.937,2.098,,,,
0.0,0.0001408883254043758,8.500000000000002e-06,83.0,,,,,,,,,
0.0,0.00010280473361490294,8.000000000000001e-06,84.0,,,,,,,,,
,,,84.0,1.9268051385879517,0.805,3.3565,59.585,2.085,,,,
0.0,0.0006620980566367507,7.5e-06,85.0,,,,,,,,,
,,,85.0,1.928926706314087,0.805,3.8494,51.956,1.818,,,,
0.0,9.502073226030916e-05,7.000000000000001e-06,86.0,,,,,,,,,
,,,86.0,1.9313774108886719,0.805,3.555,56.258,1.969,,,,
0.0,7.529131835326552e-05,6.5000000000000004e-06,87.0,,,,,,,,,
,,,87.0,1.9335534572601318,0.805,3.6795,54.356,1.902,,,,
0.0,0.00012492314272094518,6e-06,88.0,,,,,,,,,
,,,88.0,1.9359756708145142,0.805,3.3986,58.848,2.06,,,,
0.0,8.789022103883326e-05,5.500000000000001e-06,89.0,,,,,,,,,
,,,89.0,1.9383794069290161,0.805,3.3267,60.12,2.104,,,,
0.0,7.702795846853405e-05,5e-06,90.0,,,,,,,,,
,,,90.0,1.9405272006988525,0.805,3.3872,59.046,2.067,,,,
0.0,9.33443516260013e-05,4.5e-06,91.0,,,,,,,,,
,,,91.0,1.9424428939819336,0.805,3.4086,58.675,2.054,,,,
,,,92.0,1.944206714630127,0.805,3.4358,58.211,2.037,,,,
0.0,6.410549394786358e-05,4.000000000000001e-06,92.0,,,,,,,,,
0.0,7.558342622360215e-05,3.5000000000000004e-06,93.0,,,,,,,,,
,,,93.0,1.9408303499221802,0.805,4.6433,43.073,1.508,,,,
0.0,0.00016632901679258794,3e-06,94.0,,,,,,,,,
,,,94.0,1.9425103664398193,0.805,5.2068,38.411,1.344,,,,
0.0084,5.6988512369571254e-05,2.5e-06,95.0,,,,,,,,,
,,,95.0,1.8305026292800903,0.82,3.7593,53.202,1.862,,,,
,,,96.0,1.8185604810714722,0.82,3.2641,61.273,2.145,,,,
0.0,6.903184112161398e-05,2.0000000000000003e-06,96.0,,,,,,,,,
0.0,9.68688545981422e-05,1.5e-06,97.0,,,,,,,,,
,,,97.0,1.8196722269058228,0.82,3.4281,58.342,2.042,,,,
0.0,9.242249507224187e-05,1.0000000000000002e-06,98.0,,,,,,,,,
,,,98.0,1.820634126663208,0.82,3.2496,61.547,2.154,,,,
0.0,7.437397289322689e-05,5.000000000000001e-07,99.0,,,,,,,,,
,,,99.0,1.821144700050354,0.82,3.3453,59.785,2.092,,,,
,,,100.0,1.8212634325027466,0.82,3.2622,61.309,2.146,,,,
0.0,0.00010258775728289038,0.0,100.0,,,,,,,,,
,,,100.0,,,,,,6623.9673,15.097,0.951,0.012961176966276806
